app_id,launch_date
AngelOne,11 December 2015
Cloudetradetech,26 June 2023
Dhan,08 November 2021
Groww,22 September 2016
HDFC,22 November 2012
IIFL Loans,12 October 2015
IIFL Markets,16 January 2015
Loanfront,03 March 2019
OTPUser,01 April 2019
Paytm,30 April 2012
SBI MF,14 January 2016
Smallcase,11 August 2017
Tata Capital,31 December 2018
Tickertape,25 February 2020
TrueBalance,17 October 2014
Uni,11 June 2021
abmm.heckyl.com,26 February 2018
ai.magenta.msjulyat,01 March 2020
ai.microfinance.vitto,11 October 2022
air.TataAIA.MasterApp.SecureLife,07 June 2017
air.app.scb.breeze.android.main.in.prod,14 May 2011
air.com.religare.iPhone,30 January 2014
annualproject.com.jainamsoftware,26 January 2018
app.instagst,15 June 2021
app.mentor.ai,16 August 2023
app.mintynft.android,15 October 2023
app.pay4me.app,01 June 2022
app.smartinvestment,06 March 2023
br.com.brasilbitcoin,17 February 2021
bulltrack.com.optiongreeks13,06 January 2016
cloud.effiasoft.justbillingstd,29 December 2016
co.indiagold.gold.buy.loan,27 June 2020
co.simplified.main,11 April 2023
com.FreeRechargeApp,29 November 2022
com.IhabZaidi.Invento,31 August 2023
com.LendingKart,28 October 2015
com.Markets.Mojo,09 January 2017
com.UsetoPay,24 May 2023
com.aaritya.sahi_trade_app,04 December 2024
com.abchlor.investonline,30 September 2019
com.acecredit.android,12 February 2023
com.acko.android,27 October 2019
com.adcbmobile.pfm,03 October 2018
com.adityabirlacapital.abconeapp,03 July 2021
com.adityabirlacapitaldigital.OneApp,28 March 2024
com.adityabirlawealth,30 January 2023
com.ahmedelshazly2020d.gmail.latestInvoices,09 October 2018
com.airtel.africa.selfcare,28 August 2019
com.akinfopark.snapay,28 November 2017
com.alahli.quickpay,10 March 2020
com.algos.utradealgos,05 April 2023
com.aliceblue.ekyc,28 January 2023
com.allindiabullion,23 May 2020
com.amrbadr12.oro_pocket,27 January 2020
com.androidapp.digikhata,22 February 2020
com.anumati,16 August 2024
com.apbl.merchant,22 November 2016
com.apnidukan.my_app,08 June 2021
com.app.banksathi,17 February 2020
com.app.bookmyforex,27 April 2016
com.app.faircent,24 May 2017
com.app.hdfc,19 July 2014
com.application.bficgold,01 February 2024
com.application.koinbazar,17 May 2021
com.arktechltd.MintCFD,31 August 2022
com.ashvfinance.loan,10 December 2022
com.augmont.augmont_android_customer_app,05 February 2021
com.autonom8.kinara,19 November 2021
com.avaxwallet,30 August 2022
com.axis.login,26 June 2013
com.axis.mbbank,26 August 2013
com.axis.mobile,26 August 2013
com.axisbank.neoforbusiness,18 August 2023
com.axisidp.mobile,15 November 2019
com.axismf.investorapp,09 April 2020
com.bajajfinserv.app,01 April 2015
com.bandhan.mBandhan,12 May 2020
com.bankbazaar.app,20 December 2014
com.bankofbaroda.mconnect,24 December 2018
com.bankofbaroda.upi,03 December 2016
com.bankofhodlers.mobile,30 April 2020
com.bapavatutech.gstreferencer,10 January 2020
com.bbnk.eent,01 March 2018
com.bfl.merchant,19 May 2022
com.bharatkhata.erp,26 March 2020
com.bharatpe.app,19 December 2017
com.binance.dev,25 October 2017
com.binance.us,23 December 2019
com.bitbns,26 January 2018
com.bitbnspay,26 May 2021
com.blueinklabs.investifystocks.free,04 October 2015
com.bnb.paynearby,29 June 2017
com.boistarrewardz,23 November 2016
com.borderless,09 December 2020
com.branch_international.branch.branch_demo_android,19 March 2015
com.brightdigigold.customer,28 July 2022
com.britannialand.payment,01 December 2017
com.btcc.BTCCReactNative,17 November 2022
com.btcc.hy,04 August 2020
com.btechtraders.btechtraders,24 December 2019
com.buddyloan.vls,22 September 2020
com.business.profinity,14 February 2024
com.buyucoinApp.buyucoin,15 February 2019
com.cafeapi.cafeapi,01 February 2020
com.capitalnowapp.mobile,06 October 2023
com.capitalone.credittracker,12 April 2016
com.caplapps.rtmsru,01 April 2018
com.cardinsider.creditcards,25 February 2022
com.cashfree.merchant,19 February 2021
com.cashrich.cashrich,25 August 2015
com.cazaayan.bse.mobile,21 August 2013
com.ccavenue.mars.mobile,06 July 2022
com.champion.mpay,03 December 2018
com.chd.investnaija.invest_naija,28 August 2023
com.cheq.retail,13 February 2023
com.chinmay.io,18 September 2023
com.chrgraj.eInvoice_verifier,07 June 2023
com.citrus.citruspay,19 June 2014
com.clikfin.clikfinapplication,03 August 2020
com.cloud.thailand,31 October 2023
com.codeslice.upilinks,01 August 2022
com.codifi.goodwill,28 January 2024
com.coindcx,02 November 2018
com.coindcx.btc,09 December 2020
com.coindcx.okto,28 October 2024
com.coinex.trade.play,27 December 2019
com.coinme,06 May 2021
com.coinomi.wallet,02 November 2014
com.coinswitch.kuber,31 May 2020
com.couplapp,19 August 2023
com.coverfox.app,30 March 2021
com.credilio.credilio_advisor.prod,06 February 2021
com.credilio.customer,17 October 2023
com.creditcard.onecard,24 March 2022
com.creditcode.app,24 March 2022
com.creditmantri,06 June 2017
com.customerone,03 August 2018
com.datacomp.mmhic,27 January 2021
com.datasignstech.lam,21 March 2016
com.dbs.dbspaylah,23 May 2014
com.dbstshapeglot,01 September 2016
com.devmunifin.bharatloan,01 October 2023
com.dezerv.wealth.checkup,28 February 2023
com.dgs.digitalgraminseva,13 March 2020
com.dhanoptions.live,15 August 2022
com.dreamplug.androidapp,29 January 2019
com.earlysalary.android,22 February 2016
com.easebuzz.epos,18 February 2022
com.easemytrades.stockdaddy,13 December 2023
com.ebanker.payments,21 June 2022
com.edelweissmf.einvest,02 February 2022
com.edigitalapps.mobileRecharge,01 September 2017
com.efe.user,08 May 2020
com.emiratesbagandluggagemanagement,01 October 2015
com.empireReEarn,17 April 2021
com.emsyne.loanathome,16 July 2020
com.enparadigm.kli,01 August 2018
com.enrich.enrichkyc,24 March 2021
com.epifi.paisa,14 December 2021
com.evolute.rdservice,08 September 2017
com.exinity.nemo,31 July 2023
com.experian.android,12 May 2016
com.expresspay,18 December 2013
com.ezfinanz.android,14 September 2020
com.facebook.pages.app,28 January 2014
com.faircentdouble,24 May 2023
com.fampay.in,30 June 2019
com.faspay.userapp,01 June 2018
com.fastaguser,05 August 2017
com.fatakpay,10 April 2022
com.fcap.bharatnxt,16 April 2022
com.fiatechnologyservicesb2b,20 January 2016
com.fin.cm,28 July 2017
com.fin.elss,19 December 2014
com.fin.mciadesk,26 May 2016
com.fin.mclientdesk,17 December 2012
com.fin.onlinetrading,24 May 2013
com.finart,22 March 2016
com.finception.finshots.android,31 March 2020
com.finly.app,09 September 2022
com.finnable.customer,27 November 2017
com.finnovindia,27 May 2021
com.finopaymentbank.mobile,12 December 2021
com.finopaytech.fos,17 July 2017
com.finsall,21 October 2021
com.finshell.fin,24 December 2020
com.fintech.lenditt,18 August 2021
com.finternet.plutus,20 May 2022
com.finvu,23 July 2021
com.fivepaisa.trade,12 February 2016
com.fixedincome.android,25 November 2021
com.flexiloan,25 September 2017
com.flexsalary,07 August 2017
com.fnance.fnance_android_app,07 February 2019
com.fourdegreewater.wintwealth,18 December 2022
com.freecharge.android,22 April 2013
com.freedomrewardz,27 June 2014
com.freshbooks.andromeda,29 August 2016
com.fss.indus,13 January 2016
com.fundbox.mobile,03 December 2018
com.fundsindia,20 August 2014
com.fv.imm,03 July 2020
com.fyers.sos,25 February 2023
com.fyers.trader,02 August 2020
com.fypmoney,11 July 2021
com.gada.fccs,01 March 2017
com.ge.capital.konysbiapp,28 July 2020
com.gentree,01 June 2018
com.geojit.mf,14 January 2018
com.getepay.merchant,16 June 2020
com.giottus.giottus_mobile,01 February 2021
com.glgjing.money.manager.bookkeeping.meow,04 January 2023
com.goalwise,06 March 2017
com.gocharting.gocharting,04 October 2021
com.godaddy.android,01 September 2014
com.godbtech.kotakmf,26 February 2018
com.gooogle.android.kuvera.app,15 December 2017
com.gopaysense.android.boost,11 February 2016
com.goupwards,22 March 2017
com.grow.capital,07 October 2019
com.gsk.mytask,01 November 2018
com.habile.cloudbankin.digimoney,10 February 2021
com.halal.stocks,13 September 2021
com.happay.android.v2,11 January 2018
com.hdfc.bankapp,01 November 2018
com.hdfc.cbx,17 August 2020
com.hdfcbank.android.now,17 December 2024
com.hdfcbank.payzapp,05 February 2023
com.hdfcbank.sbi,01 March 2013
com.hdfcclife.activities,09 June 2014
com.hedged,23 June 2024
com.hrblock.blockmobile,29 December 2011
com.hsl.investright,09 March 2023
com.human.connect,01 April 2019
com.ibl.moneymanagement.app,01 December 2020
com.ibrnd.app,01 March 2020
com.icici.banking,01 March 2012
com.icici.imbank.usimobilebanking,01 September 2015
com.icicibank.m2iEuropenew,12 August 2021
com.icicibank.m2iUnitedKingdom,28 December 2023
com.icicibank.pko.fatemob,01 May 2014
com.idbifederal,01 March 2016
com.ideapreneurnepal.moneymitra,10 March 2023
com.ifast.gb,19 January 2023
com.ifreed,04 October 2023
com.incred.customer,11 September 2017
com.incredmoney,05 June 2023
com.indbrewardz,02 December 2020
com.indiaBulls,16 September 2017
com.indiacharts,29 August 2020
com.indialends.android,02 March 2016
com.indigo.hdfcloans,15 December 2016
com.indmoney.indstocks,11 February 2024
com.indusindbank.IndusDirect,29 September 2016
com.indusindbank.mATP,01 April 2013
com.indusland.merchantapp,05 October 2021
com.info.android.app.developer.myfe,04 September 2018
com.informedinvestorr.app,16 September 2022
com.infrasoft.uboi,07 December 2018
com.innopay.innopay,20 January 2023
com.innopay.payment.user,09 September 2023
com.instantmudra,26 December 2022
com.instarem.mobileapp,09 January 2017
com.insurancedekho.pos,08 September 2020
com.insurancesamadhan.polifyx,02 May 2022
com.intelli.intelliinvest,13 February 2017
com.investkraft,03 February 2024
com.investobull.intradayscreener,25 February 2023
com.ipopremium.app,05 August 2022
com.ippopay.store,16 January 2021
com.irisgst.taxpayer.peridot,10 February 2018
com.isg.apps.enso,01 August 2019
com.islamicly.appislamicly,30 September 2019
com.iw.arihant,15 March 2019
com.iw.mint.app,07 June 2019
com.iz.zmt,23 December 2020
com.jainam.smartdelta,23 June 2020
com.jar.app,22 April 2021
com.jetprivilege.smartshop,01 August 2018
com.jify.mobile,10 December 2021
com.jio.myjio,09 March 2018
com.jiopay.business,25 August 2022
com.jjtax.app,18 May 2020
com.jsotg.riskmatrixtool,19 October 2019
com.karvy,24 November 2013
com.karvydistributor,03 April 2019
com.kgil.swipeloan,10 December 2024
com.kkb.pay,01 July 2017
com.kleio.kpay,02 March 2023
com.konasl.nagad,28 April 2020
com.kosh,22 August 2019
com.kotak811mobilebankingapp.instantsavingsupiscanandpayrecharge,29 February 2024
com.kreditbee.android,10 May 2018
com.kreditzy.android,29 October 2019
com.kreon.stucred,18 October 2018
com.ktb.tcomm,01 October 2014
com.kuhoo.kuhoo_student_app,10 January 2024
com.lcode.dlbupi,31 July 2018
com.learnapp,26 October 2019
com.lithos.pos,21 January 2019
com.lv,12 May 2016
com.lxme,24 August 2018
com.mantra.mfs110.rdservice,13 March 2023
com.mantra.mis100v2.rdservice,11 December 2018
com.mantra.rdservice,19 July 2017
com.marketwatch,13 August 2013
com.maxbupa.instainsure,26 October 2016
com.mf.app,15 February 2022
com.mfcentral.app,28 December 2021
com.mfwala.client,16 June 2015
com.mgs.induspsp,07 December 2016
com.midea.app.eureka,01 January 2019
com.mindsarray.pay1,04 June 2014
com.mobikwik.business,28 November 2016
com.mobikwik_new,25 August 2012
com.mobileappz.redvision,12 February 2016
com.mobileinsurance.smartdialer,01 May 2019
com.mobilepe.android,30 June 2020
com.moneytap.bnpl.app,26 February 2021
com.moontechnolabs.miandroid,13 August 2015
com.motresearch.mylo,01 October 2018
com.msf.acml,30 August 2022
com.msf.bfsltrade,28 May 2021
com.msf.blinktrade,11 April 2023
com.msf.emt.mobile,15 September 2015
com.msf.kbank.mobile,30 April 2013
com.msf.sbicap.securities,13 September 2021
com.mswipetech.wisepad,21 August 2014
com.muthootfinance.imuthoot,31 October 2016
com.muthootfincorpone.superapp,11 April 2023
com.mventus.selfcare.activity,14 March 2013
com.mwallet.vfq,17 May 2022
com.myairtelapp,07 July 2016
com.mycash.moneytap.app,12 July 2016
com.mygarage.android,01 December 2018
com.mymoneyjar.mobile,05 February 2020
com.mymoneymantra.customer.app,31 May 2021
com.mysefp.nbfc,01 January 2016
com.mywish.wishfin.view,23 November 2018
com.naviapp,30 April 2020
com.nemoapps.android.hindi,04 November 2013
com.nexdha.nexpay,15 July 2019
com.ng_customer_app,01 July 2020
com.nirafinance.customer,23 April 2018
com.niyoblue.customer,10 September 2018
com.noren.ftconline,19 December 2020
com.nps,12 April 2017
com.nsdlpb.jiffy,27 January 2020
com.nse.nseindia,27 October 2024
com.nucleus.mirae.finance,05 February 2022
com.octa.trading.lessons,30 June 2022
com.octafx.copytrade,07 September 2018
com.octrax.sipfund,12 April 2017
com.ofaclientapp,01 September 2016
com.one97.np.erecharge,01 January 2014
com.one97.paytm,01 April 2012
com.onemoney.app,08 April 2022
com.opanura.app,01 June 2020
com.open.streak,12 December 2023
com.optimideafintech.creditkaro,21 December 2019
com.orbitwallet,20 May 2024
com.oscarudhaarapp,09 October 2019
com.paisabazaar,15 May 2015
com.paisafatafat.adc,20 February 2023
com.papaya.blackcatcard,03 June 2019
com.paybis,06 September 2021
com.paybyapis,11 February 2020
com.payday.advance.money.loan,28 December 2022
com.paypointz.wallet,10 November 2015
com.payswiff.set.app,08 December 2018
com.paytm,01 February 2015
com.paytm.business,22 January 2018
com.paytmbank.mobile,28 November 2023
com.paytmmoney,26 January 2019
com.payworld.phoneapp,31 August 2020
com.pebble_score.dev,10 May 2023
com.phocket,17 July 2018
com.phonepe.app,14 October 2016
com.phonepe.app.business,24 October 2018
com.phonepe.stockbroking,18 August 2023
com.phonevalley.progressive,20 April 2010
com.pinelabs.fave,04 February 2023
com.piramal.app.pchf,01 September 2022
com.planify,06 September 2022
com.plutus.wallet,04 March 2015
com.pnsol.uno.login,13 April 2016
com.pocketly,16 October 2019
com.pocketoption.broker,16 May 2019
com.pocketwallet.giftcardrecharge,01 August 2015
com.policybazaar,17 November 2014
com.policymaster.com,10 December 2020
com.potradeweb,01 June 2022
com.pressmoney.app,27 November 2024
com.primis.canarabank,01 July 2013
com.privo.creditsaison,02 February 2022
com.profittrading.forbinance,09 January 2018
com.programmer.mugs,11 March 2021
com.pubali.internet.banking,24 October 2023
com.quantsapp.qapp,10 October 2024
com.queepay,04 November 2022
com.quicko.glyde,04 December 2021
com.rainmanagement.rain,02 November 2018
com.rankmf,15 October 2018
com.rapipay.android.agents,25 January 2019
com.redvision.wealth_elite,02 May 2020
com.religareonline.leap,28 February 2023
com.remitpay.pay,09 June 2022
com.rgts.prosignals,18 April 2021
com.riviera.indifi.app,23 October 2020
com.rkayapps.compoundinterestcalculator,05 July 2014
com.rnr.main,23 July 2019
com.roboCourse.crux.roboCourseFree,01 June 2019
com.rs.axis,05 April 2021
com.rs.shoonya,25 January 2021
com.rsesupport.incometax,03 October 2019
com.rupeek.app,01 October 2017
com.rupeek.customer,02 November 2015
com.rupeeredee.app,12 February 2019
com.rupicard,09 November 2023
com.rupicard.score,16 August 2023
com.safle,07 August 2022
com.saltlending.mobile,07 January 2019
com.samco.app,16 November 2022
com.samsung.android.pay,01 June 2015
com.saraswat.mobilebankingv2,02 December 2016
com.savart,18 September 2019
com.sbg.mobile.phone,08 August 2014
com.sbi.SBAnywhereCorporate,28 October 2015
com.sbi.SBIFreedomPlus,13 March 2014
com.sbi.lotusintouch,04 December 2017
com.sbi.sbiquick,13 April 2015
com.sbi.upay,01 August 2016
com.sbi.upi,23 November 2016
com.sbicosmoney.remit,04 June 2018
com.sbimf.distributor,15 July 2016
com.sbnri.banking.nre.nro.nri,05 May 2021
com.screener.mobile,25 April 2022
com.scripbox.takecharge,10 February 2016
com.sensibull.mobile,29 March 2022
com.service.anpay,16 September 2021
com.sevenbeyond.mobiquik,01 June 2015
com.shopse.consumer,07 March 2020
com.shriram.one,16 August 2023
com.sibpl.squarepos,09 August 2019
com.signalstrading,12 May 2014
com.singledebt,23 June 2024
com.skytech.omnivoxmobile,15 April 2014
com.sm.mahilamoney,22 September 2021
com.smartspends,15 July 2015
com.snapmint.customerapp,29 August 2019
com.snapwork.IDBI,07 September 2017
com.snapwork.tcl,31 December 2018
com.snb.neo,04 December 2023
com.spare8,23 February 2022
com.speedbot.app,25 January 2022
com.splitmoney.split_money,17 July 2019
com.spring.money,15 July 2022
com.square.squareinsurance,31 May 2019
com.startinfinity.app,09 October 2019
com.stashfin.sentinel,28 July 2021
com.sterlingng.sterlingmobile,03 March 2020
com.stl.payz,01 May 2017
com.stock.stockbox,23 July 2022
com.stockal.mobileapp,31 August 2021
com.stockedge.social,06 August 2021
com.sweep.cv,01 January 2020
com.taptapsend,05 June 2018
com.tatamotors.gs,01 May 2019
com.tatamotors.pvcvp,14 February 2020
com.tcscash,01 November 2020
com.tena.tt,01 February 2016
com.thefinapp.chartbills,15 September 2017
com.thekingdombank.app,17 December 2021
com.thewaya.waya,21 January 2023
com.thewaya.wayaoptions,11 October 2023
com.tnhealthschemev2,28 November 2023
com.tokenize.exchange.tradingapp,03 December 2019
com.tradzoo.app,22 March 2021
com.transunion.TransUnion,08 January 2014
com.traustast.deciml,07 October 2021
com.trendisfriend.forex_signals,13 November 2020
com.trinkerr.app,21 July 2021
com.twelve.club,03 August 2021
com.ubhow.hey,01 January 2020
com.ubi.inbank,01 December 2015
com.udaancapital.pratishtha,29 June 2022
com.udharpay,14 April 2022
com.uniberry.unionbank,01 January 2010
com.unicorn.signals,23 June 2022
com.unimoni.customer,18 January 2023
com.unionbankofsrilanka.mobilebanking,01 August 2016
com.universalsompo.meta,25 July 2019
com.univest.capp,11 September 2022
com.unlistedzone.android,04 December 2021
com.unocoin.unocoinwallet,25 November 2016
com.upi.axispay,29 November 2016
com.urpay.consumer,25 October 2021
com.usbank,01 August 2015
com.user.deeesha,13 January 2022
com.vaibhavkalpe.android.khatabook,26 October 2016
com.valueresearch.vro,22 January 2024
com.vegworks.goldlineapps,01 June 2016
com.vested.investing.android,06 July 2020
com.vizzve_micro_seva,08 July 2021
com.vrindafinlease.rupee112,30 September 2023
com.vyapar.pos,01 October 2020
com.wallet.yatripay,26 September 2022
com.wallet.zindigi,13 January 2022
com.walletstory.app,25 July 2020
com.wave.astha,09 October 2017
com.wave.resachbymonarch,16 July 2023
com.wecredit.Wecredit,10 March 2023
com.winvesta.android,01 May 2020
com.wishfin_credit_card,10 November 2021
com.wrx.wazirx,16 July 2018
com.yesbank.yespaynext,25 October 2023
com.zaggle,13 August 2015
com.zerodha.coin,05 June 2018
com.zerodha.kite3,27 June 2019
com.zerodha.varsity,22 March 2019
com.zfunds.user,09 October 2020
com.zobaze.pos,02 November 2018
com.zoho.zsm,11 May 2017
com.zoop,01 July 2017
com.zopsmart.epos,03 April 2018
com.zuelpay,07 May 2021
cred,26 November 2018
datascience.science.data.learn.programming.analytics.coding.analyst.rpa.machinelearning.ai.bi.bigdata,28 March 2020
dev.dworks.apps.acrypto,19 May 2017
dimmple.bud,05 October 2022
exchange.delta,07 May 2021
forexcopy.trading,25 February 2019
id.dana,07 May 2019
in.android.vyapar,08 February 2016
in.app_13karat.app.twa,07 July 2023
in.approx.loanapp,01 September 2017
in.apptrove.boftify,01 September 2020
in.assetplus.partner,13 January 2021
in.bajajfinservmarkets.app,09 October 2019
in.bankit.bankitPay,01 April 2019
in.bankitagent,06 September 2017
in.bizanalyst,20 August 2016
in.biznext.app,29 June 2020
in.branchx.app,10 August 2022
in.busy.app,21 December 2022
in.co.vyapari,17 June 2019
in.cred.zee,01 August 2019
in.crowdware.one,06 May 2018
in.dmifinance.app,29 February 2024
in.ebullion.app,22 January 2023
in.eko.connect,08 March 2018
in.epaylater.android.retailer.generic,02 July 2019
in.eztax.gst,24 January 2018
in.flexpay.digital.credit.card.instant.credit.on.upi,17 March 2022
in.gbcash.app,28 October 2020
in.icar.sellmycar,01 June 2017
in.india.upi.flexpay,09 September 2020
in.indwealth,22 September 2019
in.irisbyyes.app,01 August 2023
in.jfs.jiofinance,29 May 2024
in.junio,15 March 2021
in.loantap.app,10 March 2019
in.lookbook.jetpackcompose,01 January 2020
in.mobikwik,01 October 2010
in.mstardy.new,01 August 2020
in.okcredit.merchant,03 October 2017
in.oxyzo.app,23 February 2022
in.pensionbox.twa,01 June 2022
in.pickright.app,28 August 2019
in.probusinsurance.app,24 March 2018
in.profit,01 February 2018
in.rebase.app,15 June 2016
in.sarvatra.erupeeINDUSIND,11 April 2023
in.spicemudra,05 February 2016
in.stablemoney.app,22 September 2023
in.stratzy,01 November 2022
in.swiggyapp,01 May 2014
in.torqy.zoop,01 December 2018
in.tradebulls.trading,22 July 2021
in.udt.guide,01 May 2018
in.upstox.app,13 September 2021
in.vakrangee.vakrangeecustomer,19 June 2021
in.wishwhafriends.app,01 April 2018
in.worldpay.worldpayactivities,01 September 2014
in.zestmoney.android.zestlife,01 March 2021
ind.marketsmith.androidapp,07 September 2016
indwin.c3.shareapp,01 March 2021
io.assetplus,21 October 2016
io.bluewallet.bluewallet,26 November 2018
io.leapwallet.cosmos,14 February 2023
io.react.coins,01 November 2019
io.thoughtbox.pk,26 April 2020
io.tr8.tradecharlie.android,19 January 2021
jp.co.remit.sbiremit,05 October 2021
lt.algimka.manopiniginelt,18 July 2013
me.rainbow,12 May 2022
mobi.mywealth,06 January 2017
mobi.wealthmagic,31 August 2018
money.jupiter,21 July 2021
money.niro.credit.loans,03 December 2021
money.powerup.uni.invest.app,27 May 2024
money.super.payments,24 June 2024
net.one97.paytm,01 October 2014
net.zybra,11 May 2018
news.marketfeed.marketfeed,22 January 2021
ng.wealth,19 September 2019
one.zoop.id.kyc.store.wallet,14 June 2022
opulent.stockaxis,27 December 2016
org.altruist.BajajExperia,18 September 2012
org.bigsms.app,01 February 2017
org.npci.erupeeSBI,22 June 2023
org.npci.erupeeUBI,01 February 2023
org.npci.token.hdfc,17 February 2023
os.pokledlite,30 May 2016
payumoney.merchantapp,16 June 2015
pl.nestbank.nestbank,28 October 2018
rapidrupee.app,27 March 2025
rs.reliance.com.screen,21 May 2016
rs.webrest.ar,24 October 2017
sbilife.com.pointofsale_bancaagency,04 March 2014
sbisydney.eremit.com,02 August 2019
swastika.tradingo.app,04 July 2021
tech.fplabs.score,14 June 2019
tech.vance.app,23 April 2023
uy.com.coinapp.coin,24 October 2022
www.paymonk.com.paymonk,08 June 2018
xyz.multipl.multipl,12 August 2022
zacc.popo.ltd.zaccount,21 September 2018
zebpay.Application,23 December 2014
zolve.credit.card.us,01 July 2022